INSERT INTO bicycle_station (id, name) VALUES (1, 'Test1');
INSERT INTO bicycle_station (id, name) VALUES (2, 'Test2');

INSERT INTO bicycle (id, bicycle_station_id) VALUES (1, 1);
INSERT INTO bicycle (id, bicycle_station_id) VALUES (2, 1);
INSERT INTO bicycle (id, bicycle_station_id) VALUES (3, 1);
INSERT INTO bicycle (id, bicycle_station_id) VALUES (4, 1);
INSERT INTO bicycle (id, bicycle_station_id) VALUES (5, 1);
INSERT INTO bicycle (id, bicycle_station_id) VALUES (6, 1);
INSERT INTO bicycle (id, bicycle_station_id) VALUES (7, 1);
INSERT INTO bicycle (id, bicycle_station_id) VALUES (8, 1);
INSERT INTO bicycle (id, bicycle_station_id) VALUES (9, 1);
INSERT INTO bicycle (id, bicycle_station_id) VALUES (10, 1);
INSERT INTO bicycle (id, bicycle_station_id) VALUES (11, 2);
INSERT INTO bicycle (id, bicycle_station_id) VALUES (12, 2);
INSERT INTO bicycle (id, bicycle_station_id) VALUES (13, 2);
INSERT INTO bicycle (id, bicycle_station_id) VALUES (14, 2);
INSERT INTO bicycle (id, bicycle_station_id) VALUES (15, 2);
INSERT INTO bicycle (id, bicycle_station_id) VALUES (16, 2);
INSERT INTO bicycle (id, bicycle_station_id) VALUES (17, 2);
INSERT INTO bicycle (id, bicycle_station_id) VALUES (18, 2);
INSERT INTO bicycle (id, bicycle_station_id) VALUES (19, 2);
INSERT INTO bicycle (id, bicycle_station_id) VALUES (20, 2);

INSERT INTO stand (id, bicycle_id, bicycle_station_id) VALUES (1, 1, 1);
INSERT INTO stand (id, bicycle_id, bicycle_station_id) VALUES (2, 2, 1);
INSERT INTO stand (id, bicycle_id, bicycle_station_id) VALUES (3, 3, 1);
INSERT INTO stand (id, bicycle_id, bicycle_station_id) VALUES (4, 4, 1);
INSERT INTO stand (id, bicycle_id, bicycle_station_id) VALUES (5, 5, 1);
INSERT INTO stand (id, bicycle_id, bicycle_station_id) VALUES (6, 6, 1);
INSERT INTO stand (id, bicycle_id, bicycle_station_id) VALUES (7, 7, 1);
INSERT INTO stand (id, bicycle_id, bicycle_station_id) VALUES (8, 8, 1);
INSERT INTO stand (id, bicycle_id, bicycle_station_id) VALUES (9, 9, 1);
INSERT INTO stand (id, bicycle_id, bicycle_station_id) VALUES (10, 10, 1);
INSERT INTO stand (id, bicycle_id, bicycle_station_id) VALUES (11, 11, 2);
INSERT INTO stand (id, bicycle_id, bicycle_station_id) VALUES (12, 12, 2);
INSERT INTO stand (id, bicycle_id, bicycle_station_id) VALUES (13, 13, 2);
INSERT INTO stand (id, bicycle_id, bicycle_station_id) VALUES (14, 14, 2);
INSERT INTO stand (id, bicycle_id, bicycle_station_id) VALUES (15, 15, 2);
INSERT INTO stand (id, bicycle_id, bicycle_station_id) VALUES (16, 16, 2);
INSERT INTO stand (id, bicycle_id, bicycle_station_id) VALUES (17, 17, 2);
INSERT INTO stand (id, bicycle_id, bicycle_station_id) VALUES (18, 18, 2);
INSERT INTO stand (id, bicycle_id, bicycle_station_id) VALUES (19, 19, 2);
INSERT INTO stand (id, bicycle_id, bicycle_station_id) VALUES (20, 20, 2);